artist,title,spotifyID,danceability,energy,key,loudness,mode,speechiness,acousticness,instrumentalness,liveness,valence,tempo,type,id,uri,track_href,analysis_url,duration_ms,time_signature
Eslabon Armado X Peso Pluma,Ella Baila Sola,nan,,,,,,,,,,,,,,,,,,
Fifty Fifty,Cupid,7FbrGaHYVDmfr7KoLIZnQ7,0.783,0.592,11.0,-8.332,0.0,0.0331,0.435,4.15e-06,0.347,0.726,120.018,audio_features,7FbrGaHYVDmfr7KoLIZnQ7,spotify:track:7FbrGaHYVDmfr7KoLIZnQ7,https://api.spotify.com/v1/tracks/7FbrGaHYVDmfr7KoLIZnQ7,https://api.spotify.com/v1/audio-analysis/7FbrGaHYVDmfr7KoLIZnQ7,174253.0,4.0
Yng Lvcas x Peso Pluma,La Bebe,nan,,,,,,,,,,,,,,,,,,
Grupo Frontera X Bad Bunny,Un x100to,6pD0ufEQq0xdHSsRbg9LBK,0.569,0.724,6.0,-4.076,0.0,0.0474,0.228,0.0,0.27,0.562,83.118,audio_features,6pD0ufEQq0xdHSsRbg9LBK,spotify:track:6pD0ufEQq0xdHSsRbg9LBK,https://api.spotify.com/v1/tracks/6pD0ufEQq0xdHSsRbg9LBK,https://api.spotify.com/v1/audio-analysis/6pD0ufEQq0xdHSsRbg9LBK,194563.0,4.0
Miley Cyrus,Flowers,0yLdNVWF3Srea0uzk55zFn,0.707,0.681,0.0,-4.325,1.0,0.0668,0.0632,5.15e-06,0.0322,0.646,117.999,audio_features,0yLdNVWF3Srea0uzk55zFn,spotify:track:0yLdNVWF3Srea0uzk55zFn,https://api.spotify.com/v1/tracks/0yLdNVWF3Srea0uzk55zFn,https://api.spotify.com/v1/audio-analysis/0yLdNVWF3Srea0uzk55zFn,200455.0,4.0
Rema & Selena Gomez,Calm Down,1s7oOCT8vauUh01PbJD6ps,0.799,0.802,11.0,-5.196,1.0,0.0371,0.429,0.00128,0.171,0.811,107.008,audio_features,1s7oOCT8vauUh01PbJD6ps,spotify:track:1s7oOCT8vauUh01PbJD6ps,https://api.spotify.com/v1/tracks/1s7oOCT8vauUh01PbJD6ps,https://api.spotify.com/v1/audio-analysis/1s7oOCT8vauUh01PbJD6ps,239318.0,4.0
Lil Durk Featuring J. Cole,All My Life,nan,,,,,,,,,,,,,,,,,,
The Weeknd & Ariana Grande,Die For You,nan,,,,,,,,,,,,,,,,,,
YOASOBI,Idol,nan,,,,,,,,,,,,,,,,,,
Morgan Wallen,Last Night,59uQI0PADDKeE6UZDTJEe8,0.517,0.675,6.0,-5.382,1.0,0.0357,0.459,0.0,0.151,0.518,203.853,audio_features,59uQI0PADDKeE6UZDTJEe8,spotify:track:59uQI0PADDKeE6UZDTJEe8,https://api.spotify.com/v1/tracks/59uQI0PADDKeE6UZDTJEe8,https://api.spotify.com/v1/audio-analysis/59uQI0PADDKeE6UZDTJEe8,163855.0,4.0
SZA,Kill Bill,1Qrg8KqiBpW07V7PNxwwwL,0.644,0.735,8.0,-5.747,1.0,0.0391,0.0521,0.144,0.161,0.418,88.98,audio_features,1Qrg8KqiBpW07V7PNxwwwL,spotify:track:1Qrg8KqiBpW07V7PNxwwwL,https://api.spotify.com/v1/tracks/1Qrg8KqiBpW07V7PNxwwwL,https://api.spotify.com/v1/audio-analysis/1Qrg8KqiBpW07V7PNxwwwL,153947.0,4.0
David Kushner,Daylight,1odExI7RdWc4BT515LTAwj,0.508,0.43,2.0,-9.475,0.0,0.0335,0.83,0.000441,0.093,0.324,130.09,audio_features,1odExI7RdWc4BT515LTAwj,spotify:track:1odExI7RdWc4BT515LTAwj,https://api.spotify.com/v1/tracks/1odExI7RdWc4BT515LTAwj,https://api.spotify.com/v1/audio-analysis/1odExI7RdWc4BT515LTAwj,212954.0,4.0
Shakira,Acrostico,7txjUEY6McJDJKqIo1Rxjp,0.748,0.478,11.0,-8.886,1.0,0.121,0.837,0.0,0.099,0.353,143.866,audio_features,7txjUEY6McJDJKqIo1Rxjp,spotify:track:7txjUEY6McJDJKqIo1Rxjp,https://api.spotify.com/v1/tracks/7txjUEY6McJDJKqIo1Rxjp,https://api.spotify.com/v1/audio-analysis/7txjUEY6McJDJKqIo1Rxjp,170786.0,4.0
Harry Styles,As It Was,4LRPiXqCikLlN15c3yImP7,0.52,0.731,6.0,-5.338,0.0,0.0557,0.342,0.00101,0.311,0.662,173.93,audio_features,4LRPiXqCikLlN15c3yImP7,spotify:track:4LRPiXqCikLlN15c3yImP7,https://api.spotify.com/v1/tracks/4LRPiXqCikLlN15c3yImP7,https://api.spotify.com/v1/audio-analysis/4LRPiXqCikLlN15c3yImP7,167303.0,4.0
Loreen,Tattoo,1DmW5Ep6ywYwxc2HMT5BG6,0.545,0.779,3.0,-6.235,0.0,0.0751,0.243,1.66e-06,0.123,0.303,150.002,audio_features,1DmW5Ep6ywYwxc2HMT5BG6,spotify:track:1DmW5Ep6ywYwxc2HMT5BG6,https://api.spotify.com/v1/tracks/1DmW5Ep6ywYwxc2HMT5BG6,https://api.spotify.com/v1/audio-analysis/1DmW5Ep6ywYwxc2HMT5BG6,183375.0,4.0
Karol G x Shakira,TQG,nan,,,,,,,,,,,,,,,,,,
Taylor Swift,Anti-Hero,0V3wPSX9ygBnCm8psDIegu,0.637,0.643,4.0,-6.571,1.0,0.0519,0.13,1.8e-06,0.142,0.533,97.008,audio_features,0V3wPSX9ygBnCm8psDIegu,spotify:track:0V3wPSX9ygBnCm8psDIegu,https://api.spotify.com/v1/tracks/0V3wPSX9ygBnCm8psDIegu,https://api.spotify.com/v1/audio-analysis/0V3wPSX9ygBnCm8psDIegu,200690.0,4.0
Feid x Young Miko,Classy 101,nan,,,,,,,,,,,,,,,,,,
"Metro Boomin, The Weeknd & 21 Savage",Creepin',2dHHgzDwk4BJdRwy9uXhTO,0.715,0.62,1.0,-6.005,0.0,0.0484,0.417,0.0,0.0822,0.172,97.95,audio_features,2dHHgzDwk4BJdRwy9uXhTO,spotify:track:2dHHgzDwk4BJdRwy9uXhTO,https://api.spotify.com/v1/tracks/2dHHgzDwk4BJdRwy9uXhTO,https://api.spotify.com/v1/audio-analysis/2dHHgzDwk4BJdRwy9uXhTO,221520.0,4.0
Libianca,People,26b3oVLrRUaaybJulow9kz,0.573,0.422,10.0,-7.621,0.0,0.0678,0.551,1.31e-05,0.102,0.693,124.357,audio_features,26b3oVLrRUaaybJulow9kz,spotify:track:26b3oVLrRUaaybJulow9kz,https://api.spotify.com/v1/tracks/26b3oVLrRUaaybJulow9kz,https://api.spotify.com/v1/audio-analysis/26b3oVLrRUaaybJulow9kz,184791.0,5.0
David Guetta & Bebe Rexha,I'm Good (Blue),0OKYQvhHNGVhaMafZlEDGQ,0.561,0.965,7.0,-3.673,0.0,0.0343,0.00383,7.07e-06,0.371,0.304,128.04,audio_features,0OKYQvhHNGVhaMafZlEDGQ,spotify:track:0OKYQvhHNGVhaMafZlEDGQ,https://api.spotify.com/v1/tracks/0OKYQvhHNGVhaMafZlEDGQ,https://api.spotify.com/v1/audio-analysis/0OKYQvhHNGVhaMafZlEDGQ,175238.0,4.0
Peso Pluma,Por Las Noches,2VzCjpKvPB1l1tqLndtAQa,0.807,0.595,0.0,-7.19,1.0,0.0325,0.31,2.44e-05,0.0735,0.392,92.491,audio_features,2VzCjpKvPB1l1tqLndtAQa,spotify:track:2VzCjpKvPB1l1tqLndtAQa,https://api.spotify.com/v1/tracks/2VzCjpKvPB1l1tqLndtAQa,https://api.spotify.com/v1/audio-analysis/2VzCjpKvPB1l1tqLndtAQa,239845.0,4.0
PinkPantheress & Ice Spice,"Boy's A Liar, Pt. 2",nan,,,,,,,,,,,,,,,,,,
Stephen Sanchez,Until I Found You,1Y3LN4zO1Edc2EluIoSPJN,0.551,0.55,10.0,-5.339,1.0,0.0286,0.777,0.0,0.202,0.342,101.19,audio_features,1Y3LN4zO1Edc2EluIoSPJN,spotify:track:1Y3LN4zO1Edc2EluIoSPJN,https://api.spotify.com/v1/tracks/1Y3LN4zO1Edc2EluIoSPJN,https://api.spotify.com/v1/audio-analysis/1Y3LN4zO1Edc2EluIoSPJN,176440.0,3.0
Peso Pluma X Natanael Cano,PRC,nan,,,,,,,,,,,,,,,,,,
Junior H x Peso Pluma,El Azul,nan,,,,,,,,,,,,,,,,,,
Kaarija,Cha Cha Cha,5RX8T3EoTuXcybAxe6oPAw,0.718,0.791,2.0,-5.572,1.0,0.0447,0.00207,0.00292,0.111,0.743,155.082,audio_features,5RX8T3EoTuXcybAxe6oPAw,spotify:track:5RX8T3EoTuXcybAxe6oPAw,https://api.spotify.com/v1/tracks/5RX8T3EoTuXcybAxe6oPAw,https://api.spotify.com/v1/audio-analysis/5RX8T3EoTuXcybAxe6oPAw,175161.0,4.0
JVKE,Golden Hour,5odlY52u43F5BjByhxg7wg,0.515,0.593,4.0,-4.801,1.0,0.0322,0.653,0.162,0.25,0.153,94.467,audio_features,5odlY52u43F5BjByhxg7wg,spotify:track:5odlY52u43F5BjByhxg7wg,https://api.spotify.com/v1/tracks/5odlY52u43F5BjByhxg7wg,https://api.spotify.com/v1/audio-analysis/5odlY52u43F5BjByhxg7wg,209260.0,3.0
OneRepublic,I Ain't Worried,4h9wh7iOZ0GGn8QVp4RAOB,0.704,0.797,0.0,-5.927,1.0,0.0475,0.0826,0.000745,0.0546,0.825,139.994,audio_features,4h9wh7iOZ0GGn8QVp4RAOB,spotify:track:4h9wh7iOZ0GGn8QVp4RAOB,https://api.spotify.com/v1/tracks/4h9wh7iOZ0GGn8QVp4RAOB,https://api.spotify.com/v1/audio-analysis/4h9wh7iOZ0GGn8QVp4RAOB,148486.0,4.0
Luke Combs,Fast Car,1Lo0QY9cvc8sUB2vnIOxDT,0.712,0.603,8.0,-5.52,1.0,0.0262,0.186,0.0,0.115,0.67,97.994,audio_features,1Lo0QY9cvc8sUB2vnIOxDT,spotify:track:1Lo0QY9cvc8sUB2vnIOxDT,https://api.spotify.com/v1/tracks/1Lo0QY9cvc8sUB2vnIOxDT,https://api.spotify.com/v1/audio-analysis/1Lo0QY9cvc8sUB2vnIOxDT,265493.0,4.0
Rosalia & Rauw Alejandro,Beso,nan,,,,,,,,,,,,,,,,,,
Ed Sheeran,Eyes Closed,07bsRv0pcpbG4zJeLsUs1p,0.777,0.526,2.0,-6.221,1.0,0.0645,0.302,0.0,0.105,0.389,107.071,audio_features,07bsRv0pcpbG4zJeLsUs1p,spotify:track:07bsRv0pcpbG4zJeLsUs1p,https://api.spotify.com/v1/tracks/07bsRv0pcpbG4zJeLsUs1p,https://api.spotify.com/v1/audio-analysis/07bsRv0pcpbG4zJeLsUs1p,194849.0,4.0
Yandel & Feid,Yandel 150,nan,,,,,,,,,,,,,,,,,,
The Weeknd & Ariana Grande,Save Your Tears,nan,,,,,,,,,,,,,,,,,,
Sam Smith & Kim Petras,Unholy,3bXRd0yVb5sw2WVblM5URR,0.719,0.454,2.0,-7.384,1.0,0.0707,0.0138,4.83e-06,0.318,0.224,131.007,audio_features,3bXRd0yVb5sw2WVblM5URR,spotify:track:3bXRd0yVb5sw2WVblM5URR,https://api.spotify.com/v1/tracks/3bXRd0yVb5sw2WVblM5URR,https://api.spotify.com/v1/audio-analysis/3bXRd0yVb5sw2WVblM5URR,156943.0,4.0
LE SSERAFIM Featuring Nile Rodgers,Unforgiven,nan,,,,,,,,,,,,,,,,,,
"Tyler, The Creator Featuring Kali Uchis",See You Again,nan,,,,,,,,,,,,,,,,,,
"Gabito Ballesteros, Peso Pluma & Natanael Cano",AMG,nan,,,,,,,,,,,,,,,,,,
Jimin,Like Crazy,3Ua0m0YmEjrMi9XErKcNiR,0.629,0.733,7.0,-5.445,1.0,0.0419,0.0025,0.0,0.357,0.362,120.001,audio_features,3Ua0m0YmEjrMi9XErKcNiR,spotify:track:3Ua0m0YmEjrMi9XErKcNiR,https://api.spotify.com/v1/tracks/3Ua0m0YmEjrMi9XErKcNiR,https://api.spotify.com/v1/audio-analysis/3Ua0m0YmEjrMi9XErKcNiR,212241.0,4.0
Tom Odell,Another Love,3JvKfv6T31zO0ini8iNItO,0.445,0.537,4.0,-8.532,0.0,0.04,0.695,1.65e-05,0.0944,0.131,122.769,audio_features,3JvKfv6T31zO0ini8iNItO,spotify:track:3JvKfv6T31zO0ini8iNItO,https://api.spotify.com/v1/tracks/3JvKfv6T31zO0ini8iNItO,https://api.spotify.com/v1/audio-analysis/3JvKfv6T31zO0ini8iNItO,244360.0,4.0
Yahritza y Su Esencia x Grupo Frontera,Fragil,nan,,,,,,,,,,,,,,,,,,
Drake,Search & Rescue,7aRCf5cLOFN1U7kvtChY1G,0.817,0.44,10.0,-8.482,0.0,0.0734,0.0603,1.42e-06,0.33,0.544,142.024,audio_features,7aRCf5cLOFN1U7kvtChY1G,spotify:track:7aRCf5cLOFN1U7kvtChY1G,https://api.spotify.com/v1/tracks/7aRCf5cLOFN1U7kvtChY1G,https://api.spotify.com/v1/audio-analysis/7aRCf5cLOFN1U7kvtChY1G,272113.0,4.0
Jisoo,Flower,69CrOS7vEHIrhC2ILyEi0s,0.841,0.384,9.0,-7.684,0.0,0.0351,0.0236,2.28e-06,0.0735,0.597,123.961,audio_features,69CrOS7vEHIrhC2ILyEi0s,spotify:track:69CrOS7vEHIrhC2ILyEi0s,https://api.spotify.com/v1/tracks/69CrOS7vEHIrhC2ILyEi0s,https://api.spotify.com/v1/audio-analysis/69CrOS7vEHIrhC2ILyEi0s,173134.0,4.0
Miguel,Sure Thing,0JXXNGljqupsJaZsgSbMZV,0.684,0.607,11.0,-8.127,0.0,0.1,0.0267,0.000307,0.191,0.498,81.001,audio_features,0JXXNGljqupsJaZsgSbMZV,spotify:track:0JXXNGljqupsJaZsgSbMZV,https://api.spotify.com/v1/tracks/0JXXNGljqupsJaZsgSbMZV,https://api.spotify.com/v1/audio-analysis/0JXXNGljqupsJaZsgSbMZV,195373.0,4.0
Post Malone,Chemical,5w40ZYhbBMAlHYNDaVJIUu,0.498,0.897,2.0,-4.907,1.0,0.045,0.00136,0.0,0.118,0.373,169.902,audio_features,5w40ZYhbBMAlHYNDaVJIUu,spotify:track:5w40ZYhbBMAlHYNDaVJIUu,https://api.spotify.com/v1/tracks/5w40ZYhbBMAlHYNDaVJIUu,https://api.spotify.com/v1/audio-analysis/5w40ZYhbBMAlHYNDaVJIUu,184013.0,4.0
Calvin Harris & Ellie Goulding,Miracle,nan,,,,,,,,,,,,,,,,,,
Toosii,Favorite Song,1SRw5p2lVAi7RGlHEmZg66,0.816,0.367,2.0,-9.354,1.0,0.0588,0.314,0.0,0.0987,0.413,116.035,audio_features,1SRw5p2lVAi7RGlHEmZg66,spotify:track:1SRw5p2lVAi7RGlHEmZg66,https://api.spotify.com/v1/tracks/1SRw5p2lVAi7RGlHEmZg66,https://api.spotify.com/v1/audio-analysis/1SRw5p2lVAi7RGlHEmZg66,208630.0,4.0
The Weeknd,Blinding Lights,0VjIjW4GlUZAMYd2vXMi3b,0.514,0.73,1.0,-5.934,1.0,0.0598,0.00146,9.54e-05,0.0897,0.334,171.005,audio_features,0VjIjW4GlUZAMYd2vXMi3b,spotify:track:0VjIjW4GlUZAMYd2vXMi3b,https://api.spotify.com/v1/tracks/0VjIjW4GlUZAMYd2vXMi3b,https://api.spotify.com/v1/audio-analysis/0VjIjW4GlUZAMYd2vXMi3b,200040.0,4.0
Taylor Swift,Cruel Summer,1BxfuPKGuaTgP7aM0Bbdwr,0.552,0.702,9.0,-5.707,1.0,0.157,0.117,2.06e-05,0.105,0.564,169.994,audio_features,1BxfuPKGuaTgP7aM0Bbdwr,spotify:track:1BxfuPKGuaTgP7aM0Bbdwr,https://api.spotify.com/v1/tracks/1BxfuPKGuaTgP7aM0Bbdwr,https://api.spotify.com/v1/audio-analysis/1BxfuPKGuaTgP7aM0Bbdwr,178427.0,4.0
IVE,I Am,70t7Q6AYG6ZgTYmJWcnkUM,0.683,0.875,4.0,-4.866,0.0,0.0549,0.0115,0.0,0.084,0.384,122.002,audio_features,70t7Q6AYG6ZgTYmJWcnkUM,spotify:track:70t7Q6AYG6ZgTYmJWcnkUM,https://api.spotify.com/v1/tracks/70t7Q6AYG6ZgTYmJWcnkUM,https://api.spotify.com/v1/audio-analysis/70t7Q6AYG6ZgTYmJWcnkUM,183853.0,4.0
RAYE Featuring 070 Shake,Escapism,nan,,,,,,,,,,,,,,,,,,
Ed Sheeran,Perfect,0tgVpDi06FyKpA1z0VMD4v,0.599,0.448,8.0,-6.312,1.0,0.0232,0.163,0.0,0.106,0.168,95.05,audio_features,0tgVpDi06FyKpA1z0VMD4v,spotify:track:0tgVpDi06FyKpA1z0VMD4v,https://api.spotify.com/v1/tracks/0tgVpDi06FyKpA1z0VMD4v,https://api.spotify.com/v1/audio-analysis/0tgVpDi06FyKpA1z0VMD4v,263400.0,3.0
Zach Bryan,Something In The Orange,3WMj8moIAXJhHsyLaqIIHI,0.369,0.192,4.0,-12.151,0.0,0.04,0.555,8.35e-06,0.0954,0.148,175.212,audio_features,3WMj8moIAXJhHsyLaqIIHI,spotify:track:3WMj8moIAXJhHsyLaqIIHI,https://api.spotify.com/v1/tracks/3WMj8moIAXJhHsyLaqIIHI,https://api.spotify.com/v1/audio-analysis/3WMj8moIAXJhHsyLaqIIHI,228013.0,3.0
Coi Leray,Players,6UN73IYd0hZxLi8wFPMQij,0.954,0.516,6.0,-5.817,1.0,0.16,0.03,7.54e-06,0.0504,0.624,105.001,audio_features,6UN73IYd0hZxLi8wFPMQij,spotify:track:6UN73IYd0hZxLi8wFPMQij,https://api.spotify.com/v1/tracks/6UN73IYd0hZxLi8wFPMQij,https://api.spotify.com/v1/audio-analysis/6UN73IYd0hZxLi8wFPMQij,139560.0,4.0
Bizarrap & Shakira,"Bzrp Music Sessions, Vol. 53",nan,,,,,,,,,,,,,,,,,,
Radiohead,Creep,70LcF31zb1H0PyJoS1Sx1r,0.515,0.43,7.0,-9.935,1.0,0.0372,0.0097,0.000133,0.129,0.104,91.844,audio_features,70LcF31zb1H0PyJoS1Sx1r,spotify:track:70LcF31zb1H0PyJoS1Sx1r,https://api.spotify.com/v1/tracks/70LcF31zb1H0PyJoS1Sx1r,https://api.spotify.com/v1/audio-analysis/70LcF31zb1H0PyJoS1Sx1r,238640.0,4.0
"David Guetta, Anne-Marie & Coi Leray",Baby Don't Hurt Me,0838zv1ZStd9x0rUGAHZ9Y,0.657,0.957,7.0,-6.016,1.0,0.0793,0.122,0.0319,0.218,0.223,128.046,audio_features,0838zv1ZStd9x0rUGAHZ9Y,spotify:track:0838zv1ZStd9x0rUGAHZ9Y,https://api.spotify.com/v1/tracks/0838zv1ZStd9x0rUGAHZ9Y,https://api.spotify.com/v1/audio-analysis/0838zv1ZStd9x0rUGAHZ9Y,178125.0,4.0
Alessandra,Queen Of Kings,14LdhxElpZS0rKVV4nxtdA,0.563,0.908,4.0,-4.25,0.0,0.0868,0.0696,0.0,0.328,0.171,125.972,audio_features,14LdhxElpZS0rKVV4nxtdA,spotify:track:14LdhxElpZS0rKVV4nxtdA,https://api.spotify.com/v1/tracks/14LdhxElpZS0rKVV4nxtdA,https://api.spotify.com/v1/audio-analysis/14LdhxElpZS0rKVV4nxtdA,147980.0,4.0
SZA,Snooze,4iZ4pt7kvcaH6Yo8UoZ4s2,0.559,0.551,5.0,-7.231,1.0,0.132,0.141,0.0,0.11,0.392,143.008,audio_features,4iZ4pt7kvcaH6Yo8UoZ4s2,spotify:track:4iZ4pt7kvcaH6Yo8UoZ4s2,https://api.spotify.com/v1/tracks/4iZ4pt7kvcaH6Yo8UoZ4s2,https://api.spotify.com/v1/audio-analysis/4iZ4pt7kvcaH6Yo8UoZ4s2,201800.0,4.0
Becky G & Peso Pluma,Chanel,nan,,,,,,,,,,,,,,,,,,
Kali,Area Codes,7sliFe6W30tPBPh6dvZsIH,0.823,0.388,1.0,-10.867,1.0,0.491,0.0187,0.0,0.0876,0.507,154.569,audio_features,7sliFe6W30tPBPh6dvZsIH,spotify:track:7sliFe6W30tPBPh6dvZsIH,https://api.spotify.com/v1/tracks/7sliFe6W30tPBPh6dvZsIH,https://api.spotify.com/v1/audio-analysis/7sliFe6W30tPBPh6dvZsIH,139326.0,4.0
BTS,The Planet,4IJsVXbSeGPUrgwpVoHmlg,0.665,0.848,0.0,-3.619,1.0,0.0708,0.000482,0.0,0.2,0.687,119.986,audio_features,4IJsVXbSeGPUrgwpVoHmlg,spotify:track:4IJsVXbSeGPUrgwpVoHmlg,https://api.spotify.com/v1/tracks/4IJsVXbSeGPUrgwpVoHmlg,https://api.spotify.com/v1/audio-analysis/4IJsVXbSeGPUrgwpVoHmlg,178156.0,4.0
Glass Animals,Heat Waves,3USxtqRwSYz57Ewm6wWRMp,0.761,0.525,11.0,-6.9,1.0,0.0944,0.44,6.7e-06,0.0921,0.531,80.87,audio_features,3USxtqRwSYz57Ewm6wWRMp,spotify:track:3USxtqRwSYz57Ewm6wWRMp,https://api.spotify.com/v1/tracks/3USxtqRwSYz57Ewm6wWRMp,https://api.spotify.com/v1/audio-analysis/3USxtqRwSYz57Ewm6wWRMp,238805.0,4.0
Manuel Turizo,La Bachata,5ww2BF9slyYgNOk37BlC4u,0.835,0.679,7.0,-5.329,0.0,0.0364,0.583,1.98e-06,0.218,0.85,124.98,audio_features,5ww2BF9slyYgNOk37BlC4u,spotify:track:5ww2BF9slyYgNOk37BlC4u,https://api.spotify.com/v1/tracks/5ww2BF9slyYgNOk37BlC4u,https://api.spotify.com/v1/audio-analysis/5ww2BF9slyYgNOk37BlC4u,162638.0,4.0
The Weeknd Featuring Daft Punk,Starboy,nan,,,,,,,,,,,,,,,,,,
Dua Lipa,Levitating,5nujrmhLynf4yMoMtj8AQF,0.702,0.825,6.0,-3.787,0.0,0.0601,0.00883,0.0,0.0674,0.915,102.977,audio_features,5nujrmhLynf4yMoMtj8AQF,spotify:track:5nujrmhLynf4yMoMtj8AQF,https://api.spotify.com/v1/tracks/5nujrmhLynf4yMoMtj8AQF,https://api.spotify.com/v1/audio-analysis/5nujrmhLynf4yMoMtj8AQF,203064.0,4.0
Chris Brown,Under The Influence,5IgjP7X4th6nMNDh4akUHb,0.733,0.69,9.0,-5.529,0.0,0.0427,0.0635,1.18e-06,0.105,0.31,116.992,audio_features,5IgjP7X4th6nMNDh4akUHb,spotify:track:5IgjP7X4th6nMNDh4akUHb,https://api.spotify.com/v1/tracks/5IgjP7X4th6nMNDh4akUHb,https://api.spotify.com/v1/audio-analysis/5IgjP7X4th6nMNDh4akUHb,184613.0,4.0
Ed Sheeran,Shivers,50nfwKoDiSYg8zOCREWAm5,0.788,0.859,2.0,-2.724,1.0,0.0856,0.281,0.0,0.0424,0.822,141.02,audio_features,50nfwKoDiSYg8zOCREWAm5,spotify:track:50nfwKoDiSYg8zOCREWAm5,https://api.spotify.com/v1/tracks/50nfwKoDiSYg8zOCREWAm5,https://api.spotify.com/v1/audio-analysis/50nfwKoDiSYg8zOCREWAm5,207853.0,4.0
NewJeans,OMG,65FftemJ1DbbZ45DUfHJXE,0.804,0.771,9.0,-4.067,0.0,0.0433,0.357,3.07e-06,0.108,0.739,126.956,audio_features,65FftemJ1DbbZ45DUfHJXE,spotify:track:65FftemJ1DbbZ45DUfHJXE,https://api.spotify.com/v1/tracks/65FftemJ1DbbZ45DUfHJXE,https://api.spotify.com/v1/audio-analysis/65FftemJ1DbbZ45DUfHJXE,212253.0,4.0
aespa,Spicy,1ULdASrNy5rurl1TZfFaMP,0.757,0.898,11.0,-1.247,0.0,0.0667,0.0138,0.0,0.0703,0.842,114.949,audio_features,1ULdASrNy5rurl1TZfFaMP,spotify:track:1ULdASrNy5rurl1TZfFaMP,https://api.spotify.com/v1/tracks/1ULdASrNy5rurl1TZfFaMP,https://api.spotify.com/v1/audio-analysis/1ULdASrNy5rurl1TZfFaMP,197040.0,4.0
Beyonce,Cuff It,1xzi1Jcr7mEi9K2RfzLOqS,0.78,0.689,7.0,-5.668,1.0,0.141,0.0368,9.69e-06,0.0698,0.642,115.042,audio_features,1xzi1Jcr7mEi9K2RfzLOqS,spotify:track:1xzi1Jcr7mEi9K2RfzLOqS,https://api.spotify.com/v1/tracks/1xzi1Jcr7mEi9K2RfzLOqS,https://api.spotify.com/v1/audio-analysis/1xzi1Jcr7mEi9K2RfzLOqS,225389.0,4.0
The Kid LAROI & Justin Bieber,Stay,nan,,,,,,,,,,,,,,,,,,
Eminem,Mockingbird,561jH07mF1jHuk7KlaeF0s,0.637,0.678,0.0,-3.798,1.0,0.266,0.209,0.0,0.156,0.254,84.039,audio_features,561jH07mF1jHuk7KlaeF0s,spotify:track:561jH07mF1jHuk7KlaeF0s,https://api.spotify.com/v1/tracks/561jH07mF1jHuk7KlaeF0s,https://api.spotify.com/v1/audio-analysis/561jH07mF1jHuk7KlaeF0s,250760.0,4.0
Kali Uchis,Moonlight,0JmnkIqdlnUzPaf8sqBRs3,0.642,0.706,7.0,-6.872,0.0,0.052,0.518,0.0,0.25,0.896,136.851,audio_features,0JmnkIqdlnUzPaf8sqBRs3,spotify:track:0JmnkIqdlnUzPaf8sqBRs3,https://api.spotify.com/v1/tracks/0JmnkIqdlnUzPaf8sqBRs3,https://api.spotify.com/v1/audio-analysis/0JmnkIqdlnUzPaf8sqBRs3,187723.0,4.0
Morgan Wallen,Thinkin' Bout Me,0PAcdVzhPO4gq1Iym9ESnK,0.656,0.757,3.0,-5.775,0.0,0.0308,0.492,0.0,0.117,0.429,139.971,audio_features,0PAcdVzhPO4gq1Iym9ESnK,spotify:track:0PAcdVzhPO4gq1Iym9ESnK,https://api.spotify.com/v1/tracks/0PAcdVzhPO4gq1Iym9ESnK,https://api.spotify.com/v1/audio-analysis/0PAcdVzhPO4gq1Iym9ESnK,177388.0,4.0
Elton John & Dua Lipa,Cold Heart (PNAU Remix),6zSpb8dQRaw0M1dK8PBwQz,0.796,0.798,1.0,-6.312,1.0,0.0317,0.034,4.19e-05,0.0952,0.942,116.032,audio_features,6zSpb8dQRaw0M1dK8PBwQz,spotify:track:6zSpb8dQRaw0M1dK8PBwQz,https://api.spotify.com/v1/tracks/6zSpb8dQRaw0M1dK8PBwQz,https://api.spotify.com/v1/audio-analysis/6zSpb8dQRaw0M1dK8PBwQz,202735.0,4.0
Chino Pacas,El Gordo Trae El Mando,3kf0WdFOalKWBkCCLJo4mA,0.736,0.8,7.0,-5.38,0.0,0.0525,0.179,0.0,0.0498,0.961,140.253,audio_features,3kf0WdFOalKWBkCCLJo4mA,spotify:track:3kf0WdFOalKWBkCCLJo4mA,https://api.spotify.com/v1/tracks/3kf0WdFOalKWBkCCLJo4mA,https://api.spotify.com/v1/audio-analysis/3kf0WdFOalKWBkCCLJo4mA,112087.0,3.0
Lil Mabu,Mathematical Disrespect,0Ymjv0OJeIIPXr6s9wi3iW,0.795,0.507,1.0,-8.06,1.0,0.303,0.0612,0.0,0.272,0.48,146.771,audio_features,0Ymjv0OJeIIPXr6s9wi3iW,spotify:track:0Ymjv0OJeIIPXr6s9wi3iW,https://api.spotify.com/v1/tracks/0Ymjv0OJeIIPXr6s9wi3iW,https://api.spotify.com/v1/audio-analysis/0Ymjv0OJeIIPXr6s9wi3iW,88304.0,4.0
Carin Leon X Grupo Frontera,Que Vuelvas,nan,,,,,,,,,,,,,,,,,,
Taylor Swift,Blank Space,1p80LdxRV74UKvL8gnD7ky,0.753,0.678,5.0,-5.421,1.0,0.0644,0.085,1.64e-06,0.13,0.583,96.006,audio_features,1p80LdxRV74UKvL8gnD7ky,spotify:track:1p80LdxRV74UKvL8gnD7ky,https://api.spotify.com/v1/tracks/1p80LdxRV74UKvL8gnD7ky,https://api.spotify.com/v1/audio-analysis/1p80LdxRV74UKvL8gnD7ky,231827.0,4.0
Fuerza Regida X Grupo Frontera,Bebe Dame,nan,,,,,,,,,,,,,,,,,,
Morgan Wallen,You Proof,5W4kiM2cUYBJXKRudNyxjW,0.732,0.839,9.0,-5.007,1.0,0.0345,0.265,0.0,0.602,0.629,119.724,audio_features,5W4kiM2cUYBJXKRudNyxjW,spotify:track:5W4kiM2cUYBJXKRudNyxjW,https://api.spotify.com/v1/tracks/5W4kiM2cUYBJXKRudNyxjW,https://api.spotify.com/v1/audio-analysis/5W4kiM2cUYBJXKRudNyxjW,157478.0,4.0
Lewis Capaldi,Someone You Loved,7qEHsqek33rTcFNT9PFqLf,0.501,0.405,1.0,-5.679,1.0,0.0319,0.751,0.0,0.105,0.446,109.891,audio_features,7qEHsqek33rTcFNT9PFqLf,spotify:track:7qEHsqek33rTcFNT9PFqLf,https://api.spotify.com/v1/tracks/7qEHsqek33rTcFNT9PFqLf,https://api.spotify.com/v1/audio-analysis/7qEHsqek33rTcFNT9PFqLf,182161.0,4.0
Ozuna Featuring Feid,Hey Mor,nan,,,,,,,,,,,,,,,,,,
Bad Bunny & Chencho Corleone,Me Porto Bonito,nan,,,,,,,,,,,,,,,,,,
Bailey Zimmerman,Rock And A Hard Place,4686eQ81DEswHa90bcdlC9,0.582,0.568,1.0,-7.3,1.0,0.0275,0.577,0.0,0.105,0.394,121.991,audio_features,4686eQ81DEswHa90bcdlC9,spotify:track:4686eQ81DEswHa90bcdlC9,https://api.spotify.com/v1/tracks/4686eQ81DEswHa90bcdlC9,https://api.spotify.com/v1/audio-analysis/4686eQ81DEswHa90bcdlC9,207541.0,3.0
Miley Cyrus,Angels Like You,1daDRI9ahBonbWD8YcxOIB,0.672,0.642,5.0,-4.035,1.0,0.0313,0.0981,0.0,0.1,0.494,121.981,audio_features,1daDRI9ahBonbWD8YcxOIB,spotify:track:1daDRI9ahBonbWD8YcxOIB,https://api.spotify.com/v1/tracks/1daDRI9ahBonbWD8YcxOIB,https://api.spotify.com/v1/audio-analysis/1daDRI9ahBonbWD8YcxOIB,196453.0,4.0
SEVENTEEN,Super,3AOf6YEpxQ894FmrwI9k96,0.771,0.88,8.0,-4.091,1.0,0.0857,0.162,1.41e-06,0.167,0.347,137.018,audio_features,3AOf6YEpxQ894FmrwI9k96,spotify:track:3AOf6YEpxQ894FmrwI9k96,https://api.spotify.com/v1/tracks/3AOf6YEpxQ894FmrwI9k96,https://api.spotify.com/v1/audio-analysis/3AOf6YEpxQ894FmrwI9k96,200387.0,4.0
Coldplay,Viva La Vida,1mea3bSkSGXuIRvnydlB5b,0.486,0.617,5.0,-7.115,0.0,0.0287,0.0954,3.23e-06,0.109,0.417,138.015,audio_features,1mea3bSkSGXuIRvnydlB5b,spotify:track:1mea3bSkSGXuIRvnydlB5b,https://api.spotify.com/v1/tracks/1mea3bSkSGXuIRvnydlB5b,https://api.spotify.com/v1/audio-analysis/1mea3bSkSGXuIRvnydlB5b,242373.0,4.0
Ice Spice & Nicki Minaj,Princess Diana,nan,,,,,,,,,,,,,,,,,,
Imagine Dragons,Believer,0pqnGHJpmpxLKifKRmU6WP,0.776,0.78,10.0,-4.374,0.0,0.128,0.0622,0.0,0.081,0.666,124.949,audio_features,0pqnGHJpmpxLKifKRmU6WP,spotify:track:0pqnGHJpmpxLKifKRmU6WP,https://api.spotify.com/v1/tracks/0pqnGHJpmpxLKifKRmU6WP,https://api.spotify.com/v1/audio-analysis/0pqnGHJpmpxLKifKRmU6WP,204347.0,4.0
Coldplay,Yellow,3AJwUDP919kvQ9QcozQPxg,0.429,0.661,11.0,-7.227,1.0,0.0281,0.00239,0.000121,0.234,0.285,173.372,audio_features,3AJwUDP919kvQ9QcozQPxg,spotify:track:3AJwUDP919kvQ9QcozQPxg,https://api.spotify.com/v1/tracks/3AJwUDP919kvQ9QcozQPxg,https://api.spotify.com/v1/audio-analysis/3AJwUDP919kvQ9QcozQPxg,266773.0,4.0
The Neighbourhood,Sweater Weather,2QjOHCTQ1Jl3zawyYOpxh6,0.612,0.807,10.0,-2.81,1.0,0.0336,0.0495,0.0177,0.101,0.398,124.053,audio_features,2QjOHCTQ1Jl3zawyYOpxh6,spotify:track:2QjOHCTQ1Jl3zawyYOpxh6,https://api.spotify.com/v1/tracks/2QjOHCTQ1Jl3zawyYOpxh6,https://api.spotify.com/v1/audio-analysis/2QjOHCTQ1Jl3zawyYOpxh6,240400.0,4.0
Kendrick Lamar Featuring Jay Rock,Money Trees,nan,,,,,,,,,,,,,,,,,,
Ed Sheeran Featuring Luke Combs,Life Goes On,nan,,,,,,,,,,,,,,,,,,
Bad Bunny & Bomba Estereo,Ojitos Lindos,nan,,,,,,,,,,,,,,,,,,
Fuerza Regida X Natanael Cano,Ch y La Pizza,nan,,,,,,,,,,,,,,,,,,
Ed Sheeran,Shape Of You,7qiZfU4dY1lWllzX7mPBI3,0.825,0.652,1.0,-3.183,0.0,0.0802,0.581,0.0,0.0931,0.931,95.977,audio_features,7qiZfU4dY1lWllzX7mPBI3,spotify:track:7qiZfU4dY1lWllzX7mPBI3,https://api.spotify.com/v1/tracks/7qiZfU4dY1lWllzX7mPBI3,https://api.spotify.com/v1/audio-analysis/7qiZfU4dY1lWllzX7mPBI3,233713.0,4.0
Eladio Carrion & Bad Bunny,Coco Chanel,nan,,,,,,,,,,,,,,,,,,
Bad Bunny,Titi Me Pregunto,1IHWl5LamUGEuP4ozKQSXZ,0.65,0.715,5.0,-5.198,0.0,0.253,0.0993,0.000291,0.126,0.187,106.672,audio_features,1IHWl5LamUGEuP4ozKQSXZ,spotify:track:1IHWl5LamUGEuP4ozKQSXZ,https://api.spotify.com/v1/tracks/1IHWl5LamUGEuP4ozKQSXZ,https://api.spotify.com/v1/audio-analysis/1IHWl5LamUGEuP4ozKQSXZ,243717.0,4.0
d4vd,Here With Me,78Sw5GDo6AlGwTwanjXbGh,0.574,0.469,4.0,-8.209,1.0,0.0254,0.534,9.21e-05,0.128,0.288,132.023,audio_features,78Sw5GDo6AlGwTwanjXbGh,spotify:track:78Sw5GDo6AlGwTwanjXbGh,https://api.spotify.com/v1/tracks/78Sw5GDo6AlGwTwanjXbGh,https://api.spotify.com/v1/audio-analysis/78Sw5GDo6AlGwTwanjXbGh,242485.0,4.0
Taylor Swift,Karma,7KokYm8cMIXCsGVmUvKtqf,0.642,0.62,8.0,-7.091,1.0,0.0666,0.0734,0.0,0.483,0.0969,90.02,audio_features,7KokYm8cMIXCsGVmUvKtqf,spotify:track:7KokYm8cMIXCsGVmUvKtqf,https://api.spotify.com/v1/tracks/7KokYm8cMIXCsGVmUvKtqf,https://api.spotify.com/v1/audio-analysis/7KokYm8cMIXCsGVmUvKtqf,204852.0,4.0
Taylor Swift,Lavender Haze,5jQI2r1RdgtuT8S3iG8zFC,0.733,0.436,10.0,-10.489,1.0,0.08,0.258,0.000573,0.157,0.0976,96.985,audio_features,5jQI2r1RdgtuT8S3iG8zFC,spotify:track:5jQI2r1RdgtuT8S3iG8zFC,https://api.spotify.com/v1/tracks/5jQI2r1RdgtuT8S3iG8zFC,https://api.spotify.com/v1/audio-analysis/5jQI2r1RdgtuT8S3iG8zFC,202396.0,4.0
Arctic Monkeys,I Wanna Be Yours,5XeFesFbtLpXzIVDNQP22n,0.464,0.417,0.0,-9.345,0.0,0.0256,0.136,0.022,0.0974,0.479,67.528,audio_features,5XeFesFbtLpXzIVDNQP22n,spotify:track:5XeFesFbtLpXzIVDNQP22n,https://api.spotify.com/v1/tracks/5XeFesFbtLpXzIVDNQP22n,https://api.spotify.com/v1/audio-analysis/5XeFesFbtLpXzIVDNQP22n,183956.0,4.0
Ed Sheeran,Bad Habits,3rmo8F54jFF8OgYsqTxm5d,0.807,0.893,11.0,-3.745,0.0,0.0347,0.0451,2.79e-05,0.366,0.537,126.011,audio_features,3rmo8F54jFF8OgYsqTxm5d,spotify:track:3rmo8F54jFF8OgYsqTxm5d,https://api.spotify.com/v1/tracks/3rmo8F54jFF8OgYsqTxm5d,https://api.spotify.com/v1/audio-analysis/3rmo8F54jFF8OgYsqTxm5d,230747.0,4.0
Imagine Dragons,Bones,0HqZX76SFLDz2aW8aiqi7G,0.773,0.742,5.0,-3.678,0.0,0.046,0.0206,0.0,0.0754,0.571,114.071,audio_features,0HqZX76SFLDz2aW8aiqi7G,spotify:track:0HqZX76SFLDz2aW8aiqi7G,https://api.spotify.com/v1/tracks/0HqZX76SFLDz2aW8aiqi7G,https://api.spotify.com/v1/audio-analysis/0HqZX76SFLDz2aW8aiqi7G,165265.0,4.0
Post Malone & Swae Lee,Sunflower (Spider-Man: Into The Spider-Verse),3KkXRkHbMCARz0aVfEt68P,0.76,0.479,2.0,-5.574,1.0,0.0466,0.556,0.0,0.0703,0.913,89.911,audio_features,3KkXRkHbMCARz0aVfEt68P,spotify:track:3KkXRkHbMCARz0aVfEt68P,https://api.spotify.com/v1/tracks/3KkXRkHbMCARz0aVfEt68P,https://api.spotify.com/v1/audio-analysis/3KkXRkHbMCARz0aVfEt68P,158040.0,4.0
Bizarrap & Quevedo,"Bzrp Music Sessions, Vol. 52",nan,,,,,,,,,,,,,,,,,,
"Metro Boomin, Future & Chris Brown",Superhero (Heroes & Villains),0vjeOZ3Ft5jvAi9SBFJm1j,0.526,0.606,5.0,-5.3,0.0,0.259,0.152,2.36e-06,0.194,0.492,116.622,audio_features,0vjeOZ3Ft5jvAi9SBFJm1j,spotify:track:0vjeOZ3Ft5jvAi9SBFJm1j,https://api.spotify.com/v1/tracks/0vjeOZ3Ft5jvAi9SBFJm1j,https://api.spotify.com/v1/audio-analysis/0vjeOZ3Ft5jvAi9SBFJm1j,182667.0,4.0
a-ha,Take On Me,2WfaOiMkCvy7F5fcp2zZ8L,0.573,0.902,6.0,-7.638,0.0,0.054,0.018,0.00125,0.0928,0.876,84.412,audio_features,2WfaOiMkCvy7F5fcp2zZ8L,spotify:track:2WfaOiMkCvy7F5fcp2zZ8L,https://api.spotify.com/v1/tracks/2WfaOiMkCvy7F5fcp2zZ8L,https://api.spotify.com/v1/audio-analysis/2WfaOiMkCvy7F5fcp2zZ8L,225280.0,4.0
Sia,Unstoppable,1yvMUkIOTeUNtNWlWRgANS,0.468,0.779,9.0,-4.839,1.0,0.0779,0.112,0.000373,0.101,0.26,173.799,audio_features,1yvMUkIOTeUNtNWlWRgANS,spotify:track:1yvMUkIOTeUNtNWlWRgANS,https://api.spotify.com/v1/tracks/1yvMUkIOTeUNtNWlWRgANS,https://api.spotify.com/v1/audio-analysis/1yvMUkIOTeUNtNWlWRgANS,217747.0,4.0
Taylor Swift,Cardigan,4R2kfaDFhslZEMJqAFNpdd,0.613,0.581,0.0,-8.588,0.0,0.0424,0.537,0.000345,0.25,0.551,130.033,audio_features,4R2kfaDFhslZEMJqAFNpdd,spotify:track:4R2kfaDFhslZEMJqAFNpdd,https://api.spotify.com/v1/tracks/4R2kfaDFhslZEMJqAFNpdd,https://api.spotify.com/v1/audio-analysis/4R2kfaDFhslZEMJqAFNpdd,239560.0,4.0
Lana Del Rey vs. Cedric Gervais,Summertime Sadness,6PUIzlqotEmPuBfjbwYWOB,0.572,0.81,1.0,-5.791,0.0,0.0558,0.0157,6.53e-06,0.13,0.11,126.052,audio_features,6PUIzlqotEmPuBfjbwYWOB,spotify:track:6PUIzlqotEmPuBfjbwYWOB,https://api.spotify.com/v1/tracks/6PUIzlqotEmPuBfjbwYWOB,https://api.spotify.com/v1/audio-analysis/6PUIzlqotEmPuBfjbwYWOB,214912.0,4.0
The Weeknd Featuring Future,Double Fantasy,nan,,,,,,,,,,,,,,,,,,
Taylor Swift,Style,4lIxdJw6W3Fg4vUIYCB0S5,0.598,0.786,2.0,-5.572,1.0,0.0383,0.00253,0.0016,0.117,0.456,95.019,audio_features,4lIxdJw6W3Fg4vUIYCB0S5,spotify:track:4lIxdJw6W3Fg4vUIYCB0S5,https://api.spotify.com/v1/tracks/4lIxdJw6W3Fg4vUIYCB0S5,https://api.spotify.com/v1/audio-analysis/4lIxdJw6W3Fg4vUIYCB0S5,231000.0,4.0
Lewis Capaldi,Wish You The Best,3gdPwk2wyOXNRnTA1KXnEr,0.676,0.461,3.0,-3.59,1.0,0.0304,0.555,0.0,0.0951,0.466,107.95,audio_features,3gdPwk2wyOXNRnTA1KXnEr,spotify:track:3gdPwk2wyOXNRnTA1KXnEr,https://api.spotify.com/v1/tracks/3gdPwk2wyOXNRnTA1KXnEr,https://api.spotify.com/v1/audio-analysis/3gdPwk2wyOXNRnTA1KXnEr,210880.0,4.0
Ke personajes X Big One X FMK,Un Finde   Crossover #2,nan,,,,,,,,,,,,,,,,,,
Junior H X Oscar Maydon,Fin de Semana,nan,,,,,,,,,,,,,,,,,,
Florence + The Machine,Dog Days Are Over,1YLJVmuzeM2YSUkCCaTNUB,0.492,0.81,7.0,-5.315,1.0,0.0847,0.0416,0.00379,0.117,0.245,149.954,audio_features,1YLJVmuzeM2YSUkCCaTNUB,spotify:track:1YLJVmuzeM2YSUkCCaTNUB,https://api.spotify.com/v1/tracks/1YLJVmuzeM2YSUkCCaTNUB,https://api.spotify.com/v1/audio-analysis/1YLJVmuzeM2YSUkCCaTNUB,251840.0,4.0
"Metro Boomin, Travis Scott & Young Thug",Trance,5wG3HvLhF6Y5KTGlK0IW3J,0.571,0.549,1.0,-7.38,0.0,0.404,0.18,0.0,0.168,0.447,119.497,audio_features,5wG3HvLhF6Y5KTGlK0IW3J,spotify:track:5wG3HvLhF6Y5KTGlK0IW3J,https://api.spotify.com/v1/tracks/5wG3HvLhF6Y5KTGlK0IW3J,https://api.spotify.com/v1/audio-analysis/5wG3HvLhF6Y5KTGlK0IW3J,194787.0,4.0
Rosa Linn,Snap,76OGwb5RA9h4FxQPT33ekc,0.565,0.636,0.0,-8.198,1.0,0.0638,0.107,9.9e-06,0.447,0.525,170.01,audio_features,76OGwb5RA9h4FxQPT33ekc,spotify:track:76OGwb5RA9h4FxQPT33ekc,https://api.spotify.com/v1/tracks/76OGwb5RA9h4FxQPT33ekc,https://api.spotify.com/v1/audio-analysis/76OGwb5RA9h4FxQPT33ekc,179551.0,4.0
Marshmello & Manuel Turizo,El Merengue,nan,,,,,,,,,,,,,,,,,,
J. Cole,No Role Modelz,68Dni7IE4VyPkTOH9mRWHr,0.69,0.521,10.0,-8.492,0.0,0.339,0.324,0.0,0.0534,0.494,100.028,audio_features,68Dni7IE4VyPkTOH9mRWHr,spotify:track:68Dni7IE4VyPkTOH9mRWHr,https://api.spotify.com/v1/tracks/68Dni7IE4VyPkTOH9mRWHr,https://api.spotify.com/v1/audio-analysis/68Dni7IE4VyPkTOH9mRWHr,292799.0,4.0
Peso Pluma & Blessd,Las Morras,nan,,,,,,,,,,,,,,,,,,
Adele,Set Fire To The Rain,73CMRj62VK8nUS4ezD2wvi,0.603,0.67,2.0,-3.882,0.0,0.0249,0.00408,1.68e-06,0.112,0.446,107.993,audio_features,73CMRj62VK8nUS4ezD2wvi,spotify:track:73CMRj62VK8nUS4ezD2wvi,https://api.spotify.com/v1/tracks/73CMRj62VK8nUS4ezD2wvi,https://api.spotify.com/v1/audio-analysis/73CMRj62VK8nUS4ezD2wvi,242974.0,4.0
Taylor Swift,Shake It Off,5xTtaWoae3wi06K5WfVUUH,0.647,0.785,7.0,-5.414,1.0,0.165,0.0561,0.0,0.148,0.943,160.015,audio_features,5xTtaWoae3wi06K5WfVUUH,spotify:track:5xTtaWoae3wi06K5WfVUUH,https://api.spotify.com/v1/tracks/5xTtaWoae3wi06K5WfVUUH,https://api.spotify.com/v1/audio-analysis/5xTtaWoae3wi06K5WfVUUH,219200.0,4.0
Taylor Swift,Enchanted,10eBRyImhfqVvkiVEGf0N0,0.455,0.623,8.0,-3.878,1.0,0.0288,0.0739,0.000424,0.146,0.208,163.893,audio_features,10eBRyImhfqVvkiVEGf0N0,spotify:track:10eBRyImhfqVvkiVEGf0N0,https://api.spotify.com/v1/tracks/10eBRyImhfqVvkiVEGf0N0,https://api.spotify.com/v1/audio-analysis/10eBRyImhfqVvkiVEGf0N0,352187.0,4.0
Lil Uzi Vert,Just Wanna Rock,4FyesJzVpA39hbYvcseO2d,0.486,0.545,11.0,-7.924,1.0,0.0336,0.0652,0.00474,0.0642,0.0385,150.187,audio_features,4FyesJzVpA39hbYvcseO2d,spotify:track:4FyesJzVpA39hbYvcseO2d,https://api.spotify.com/v1/tracks/4FyesJzVpA39hbYvcseO2d,https://api.spotify.com/v1/audio-analysis/4FyesJzVpA39hbYvcseO2d,123891.0,4.0
Drake & 21 Savage,Rich Flex,nan,,,,,,,,,,,,,,,,,,
Steve Lacy,Bad Habit,5CM4UuQ9Gnd6K2YyKGPMoK,0.686,0.507,1.0,-7.097,1.0,0.0357,0.626,7.51e-05,0.383,0.69,168.955,audio_features,5CM4UuQ9Gnd6K2YyKGPMoK,spotify:track:5CM4UuQ9Gnd6K2YyKGPMoK,https://api.spotify.com/v1/tracks/5CM4UuQ9Gnd6K2YyKGPMoK,https://api.spotify.com/v1/audio-analysis/5CM4UuQ9Gnd6K2YyKGPMoK,232115.0,4.0
BM,M.A (Mejores Amigos),1eIDsKCLwZF6CJK8pOgHX5,0.746,0.729,7.0,-5.855,1.0,0.063,0.298,0.0,0.271,0.755,87.971,audio_features,1eIDsKCLwZF6CJK8pOgHX5,spotify:track:1eIDsKCLwZF6CJK8pOgHX5,https://api.spotify.com/v1/tracks/1eIDsKCLwZF6CJK8pOgHX5,https://api.spotify.com/v1/audio-analysis/1eIDsKCLwZF6CJK8pOgHX5,158310.0,4.0
Karol G,Mientras Me Curo del Cora,6otePxalBK8AVa20xhZYVQ,0.523,0.477,0.0,-6.786,1.0,0.392,0.855,0.0,0.146,0.57,79.921,audio_features,6otePxalBK8AVa20xhZYVQ,spotify:track:6otePxalBK8AVa20xhZYVQ,https://api.spotify.com/v1/tracks/6otePxalBK8AVa20xhZYVQ,https://api.spotify.com/v1/audio-analysis/6otePxalBK8AVa20xhZYVQ,164387.0,4.0
Billie Eilish & Khalid,Lovely,7b4eqsDeLUzSrGth8uB2D1,0.292,0.296,4.0,-10.109,0.0,0.0359,0.934,0.0,0.095,0.112,115.046,audio_features,7b4eqsDeLUzSrGth8uB2D1,spotify:track:7b4eqsDeLUzSrGth8uB2D1,https://api.spotify.com/v1/tracks/7b4eqsDeLUzSrGth8uB2D1,https://api.spotify.com/v1/audio-analysis/7b4eqsDeLUzSrGth8uB2D1,200186.0,4.0
Adele,Easy On Me,0gplL1WMoJ6iYaPgMCL0gX,0.604,0.366,5.0,-7.519,1.0,0.0282,0.578,0.0,0.133,0.13,141.981,audio_features,0gplL1WMoJ6iYaPgMCL0gX,spotify:track:0gplL1WMoJ6iYaPgMCL0gX,https://api.spotify.com/v1/tracks/0gplL1WMoJ6iYaPgMCL0gX,https://api.spotify.com/v1/audio-analysis/0gplL1WMoJ6iYaPgMCL0gX,224695.0,4.0
NLE Choppa,Slut Me Out,5BmB3OaQyYXCqRyN8iR2Yi,0.938,0.606,6.0,-6.396,0.0,0.419,0.117,0.0,0.528,0.706,121.108,audio_features,5BmB3OaQyYXCqRyN8iR2Yi,spotify:track:5BmB3OaQyYXCqRyN8iR2Yi,https://api.spotify.com/v1/tracks/5BmB3OaQyYXCqRyN8iR2Yi,https://api.spotify.com/v1/audio-analysis/5BmB3OaQyYXCqRyN8iR2Yi,123673.0,4.0
Feid & Sean Paul,Nina Bonita,nan,,,,,,,,,,,,,,,,,,
Tiesto Featuring Tate McRae,10:35,nan,,,,,,,,,,,,,,,,,,
Hotel Ugly,Shut Up My Moms Calling,3hxIUxnT27p5WcmjGUXNwx,0.485,0.409,9.0,-10.711,0.0,0.101,0.325,0.0,0.103,0.376,138.419,audio_features,3hxIUxnT27p5WcmjGUXNwx,spotify:track:3hxIUxnT27p5WcmjGUXNwx,https://api.spotify.com/v1/tracks/3hxIUxnT27p5WcmjGUXNwx,https://api.spotify.com/v1/audio-analysis/3hxIUxnT27p5WcmjGUXNwx,164571.0,4.0
Meghan Trainor,Made You Look,0QHEIqNKsMoOY5urbzN48u,0.838,0.525,10.0,-3.562,1.0,0.0665,0.345,1.92e-06,0.0771,0.884,144.981,audio_features,0QHEIqNKsMoOY5urbzN48u,spotify:track:0QHEIqNKsMoOY5urbzN48u,https://api.spotify.com/v1/tracks/0QHEIqNKsMoOY5urbzN48u,https://api.spotify.com/v1/audio-analysis/0QHEIqNKsMoOY5urbzN48u,134256.0,4.0
Ana Castela,Nosso Quadro,nan,,,,,,,,,,,,,,,,,,
Tears For Fears,Everybody Wants To Rule The World,4RvWPyQ5RL0ao9LPZeSouE,0.645,0.795,7.0,-12.095,1.0,0.0527,0.347,0.00389,0.104,0.535,112.067,audio_features,4RvWPyQ5RL0ao9LPZeSouE,spotify:track:4RvWPyQ5RL0ao9LPZeSouE,https://api.spotify.com/v1/tracks/4RvWPyQ5RL0ao9LPZeSouE,https://api.spotify.com/v1/audio-analysis/4RvWPyQ5RL0ao9LPZeSouE,251489.0,4.0
Feid,Feliz Cumpleanos Ferxxo,2CeKVsFFXG4QzA415QygGb,0.865,0.573,5.0,-5.501,1.0,0.0678,0.0863,0.0,0.305,0.563,94.999,audio_features,2CeKVsFFXG4QzA415QygGb,spotify:track:2CeKVsFFXG4QzA415QygGb,https://api.spotify.com/v1/tracks/2CeKVsFFXG4QzA415QygGb,https://api.spotify.com/v1/audio-analysis/2CeKVsFFXG4QzA415QygGb,155960.0,4.0
Hozier,Take Me To Church,1CS7Sd1u5tWkstBhpssyjP,0.566,0.664,4.0,-5.303,0.0,0.0464,0.634,0.0,0.116,0.437,128.945,audio_features,1CS7Sd1u5tWkstBhpssyjP,spotify:track:1CS7Sd1u5tWkstBhpssyjP,https://api.spotify.com/v1/tracks/1CS7Sd1u5tWkstBhpssyjP,https://api.spotify.com/v1/audio-analysis/1CS7Sd1u5tWkstBhpssyjP,241693.0,4.0
Feid,Chorrito Pa Las Animas,0CYTGMBYkwUxrj1MWDLrC5,0.743,0.831,8.0,-4.042,0.0,0.0584,0.114,6.43e-05,0.35,0.609,95.975,audio_features,0CYTGMBYkwUxrj1MWDLrC5,spotify:track:0CYTGMBYkwUxrj1MWDLrC5,https://api.spotify.com/v1/tracks/0CYTGMBYkwUxrj1MWDLrC5,https://api.spotify.com/v1/audio-analysis/0CYTGMBYkwUxrj1MWDLrC5,168133.0,4.0
Vance Joy,Riptide,3JvrhDOgAt6p7K8mDyZwRd,0.484,0.731,1.0,-6.694,1.0,0.0379,0.431,0.0,0.151,0.51,101.654,audio_features,3JvrhDOgAt6p7K8mDyZwRd,spotify:track:3JvrhDOgAt6p7K8mDyZwRd,https://api.spotify.com/v1/tracks/3JvrhDOgAt6p7K8mDyZwRd,https://api.spotify.com/v1/audio-analysis/3JvrhDOgAt6p7K8mDyZwRd,204280.0,4.0
Eminem,Without Me,7lQ8MOhq6IN2w8EYcFNSUk,0.908,0.669,7.0,-2.827,1.0,0.0738,0.00286,0.0,0.237,0.662,112.238,audio_features,7lQ8MOhq6IN2w8EYcFNSUk,spotify:track:7lQ8MOhq6IN2w8EYcFNSUk,https://api.spotify.com/v1/tracks/7lQ8MOhq6IN2w8EYcFNSUk,https://api.spotify.com/v1/audio-analysis/7lQ8MOhq6IN2w8EYcFNSUk,290320.0,4.0
Lizzy McAlpine,Ceilings,2L9N0zZnd37dwF0clgxMGI,0.516,0.322,9.0,-11.762,1.0,0.0292,0.473,0.00194,0.215,0.261,148.005,audio_features,2L9N0zZnd37dwF0clgxMGI,spotify:track:2L9N0zZnd37dwF0clgxMGI,https://api.spotify.com/v1/tracks/2L9N0zZnd37dwF0clgxMGI,https://api.spotify.com/v1/audio-analysis/2L9N0zZnd37dwF0clgxMGI,182888.0,3.0
Nicky Youre & dazy,Sunroof,nan,,,,,,,,,,,,,,,,,,
Morgan Wallen,Wasted On You,3cBsEDNhFI9E82vPj3kvi3,0.505,0.657,11.0,-5.24,0.0,0.0318,0.373,0.00107,0.126,0.252,196.0,audio_features,3cBsEDNhFI9E82vPj3kvi3,spotify:track:3cBsEDNhFI9E82vPj3kvi3,https://api.spotify.com/v1/tracks/3cBsEDNhFI9E82vPj3kvi3,https://api.spotify.com/v1/audio-analysis/3cBsEDNhFI9E82vPj3kvi3,178520.0,3.0
Arcangel & Bad Bunny,La Jumpa,nan,,,,,,,,,,,,,,,,,,
NewJeans,Ditto,3r8RuvgbX9s7ammBn07D3W,0.814,0.641,6.0,-5.957,0.0,0.111,0.027,0.0,0.0993,0.183,133.854,audio_features,3r8RuvgbX9s7ammBn07D3W,spotify:track:3r8RuvgbX9s7ammBn07D3W,https://api.spotify.com/v1/tracks/3r8RuvgbX9s7ammBn07D3W,https://api.spotify.com/v1/audio-analysis/3r8RuvgbX9s7ammBn07D3W,185507.0,4.0
Harry Styles,Watermelon Sugar,6UelLqGlWMcVH1E5c4H7lY,0.548,0.816,0.0,-4.209,1.0,0.0465,0.122,0.0,0.335,0.557,95.39,audio_features,6UelLqGlWMcVH1E5c4H7lY,spotify:track:6UelLqGlWMcVH1E5c4H7lY,https://api.spotify.com/v1/tracks/6UelLqGlWMcVH1E5c4H7lY,https://api.spotify.com/v1/audio-analysis/6UelLqGlWMcVH1E5c4H7lY,174000.0,4.0
Metro Boomin Featuring Don Toliver & Future,Too Many Nights,nan,,,,,,,,,,,,,,,,,,
OneRepublic,Counting Stars,6sy3LkhNFjJWlaeSMNwQ62,0.664,0.705,1.0,-4.972,0.0,0.0382,0.0654,0.0,0.115,0.477,122.017,audio_features,6sy3LkhNFjJWlaeSMNwQ62,spotify:track:6sy3LkhNFjJWlaeSMNwQ62,https://api.spotify.com/v1/tracks/6sy3LkhNFjJWlaeSMNwQ62,https://api.spotify.com/v1/audio-analysis/6sy3LkhNFjJWlaeSMNwQ62,257840.0,4.0
Post Malone,Circles,21jGcNKet2qwijlDFuPiPb,0.695,0.762,0.0,-3.497,1.0,0.0395,0.192,0.00244,0.0863,0.553,120.042,audio_features,21jGcNKet2qwijlDFuPiPb,spotify:track:21jGcNKet2qwijlDFuPiPb,https://api.spotify.com/v1/tracks/21jGcNKet2qwijlDFuPiPb,https://api.spotify.com/v1/audio-analysis/21jGcNKet2qwijlDFuPiPb,215280.0,4.0
Drake Featuring 21 Savage,Jimmy Cooks,nan,,,,,,,,,,,,,,,,,,
(G)I-DLE,Queencard,4uOBL4DDWWVx4RhYKlPbPC,0.815,0.834,4.0,-2.828,0.0,0.0475,0.0327,0.000268,0.27,0.692,129.989,audio_features,4uOBL4DDWWVx4RhYKlPbPC,spotify:track:4uOBL4DDWWVx4RhYKlPbPC,https://api.spotify.com/v1/tracks/4uOBL4DDWWVx4RhYKlPbPC,https://api.spotify.com/v1/audio-analysis/4uOBL4DDWWVx4RhYKlPbPC,161240.0,4.0
"Anuel AA, Mambo Kingz & DJ Luian",Mejor Que Yo,nan,,,,,,,,,,,,,,,,,,
Lady Gaga & Bradley Cooper,Shallow,2VxeLyX666F8uXCJ0dZF8B,0.572,0.385,7.0,-6.362,1.0,0.0308,0.371,0.0,0.231,0.323,95.799,audio_features,2VxeLyX666F8uXCJ0dZF8B,spotify:track:2VxeLyX666F8uXCJ0dZF8B,https://api.spotify.com/v1/tracks/2VxeLyX666F8uXCJ0dZF8B,https://api.spotify.com/v1/audio-analysis/2VxeLyX666F8uXCJ0dZF8B,215733.0,4.0
Karol G,Provenza,3HqcNJdZ2seoGxhn0wVNDK,0.87,0.517,1.0,-7.918,1.0,0.0475,0.576,0.00553,0.11,0.54,111.002,audio_features,3HqcNJdZ2seoGxhn0wVNDK,spotify:track:3HqcNJdZ2seoGxhn0wVNDK,https://api.spotify.com/v1/tracks/3HqcNJdZ2seoGxhn0wVNDK,https://api.spotify.com/v1/audio-analysis/3HqcNJdZ2seoGxhn0wVNDK,207627.0,4.0
Taylor Swift,Don't Blame Me,1R0a2iXumgCiFb7HEZ7gUE,0.615,0.534,9.0,-6.719,0.0,0.0386,0.106,1.76e-05,0.0607,0.193,135.917,audio_features,1R0a2iXumgCiFb7HEZ7gUE,spotify:track:1R0a2iXumgCiFb7HEZ7gUE,https://api.spotify.com/v1/tracks/1R0a2iXumgCiFb7HEZ7gUE,https://api.spotify.com/v1/audio-analysis/1R0a2iXumgCiFb7HEZ7gUE,236413.0,4.0
The Chainsmokers & Coldplay,Something Just Like This,1dNIEtp7AY3oDAKCGg2XkH,0.607,0.649,11.0,-6.695,0.0,0.0362,0.0306,2.46e-05,0.174,0.505,102.996,audio_features,1dNIEtp7AY3oDAKCGg2XkH,spotify:track:1dNIEtp7AY3oDAKCGg2XkH,https://api.spotify.com/v1/tracks/1dNIEtp7AY3oDAKCGg2XkH,https://api.spotify.com/v1/audio-analysis/1dNIEtp7AY3oDAKCGg2XkH,247627.0,4.0
Imagine Dragons,Thunder,1zB4vmk8tFRmM9UULNzbLB,0.605,0.822,0.0,-4.833,1.0,0.0438,0.00671,0.134,0.147,0.288,167.997,audio_features,1zB4vmk8tFRmM9UULNzbLB,spotify:track:1zB4vmk8tFRmM9UULNzbLB,https://api.spotify.com/v1/tracks/1zB4vmk8tFRmM9UULNzbLB,https://api.spotify.com/v1/audio-analysis/1zB4vmk8tFRmM9UULNzbLB,187147.0,4.0
Fuerza Regida & Peso Pluma,Igualito A Mi Apa,nan,,,,,,,,,,,,,,,,,,
Ruth B.,Dandelions,2eAvDnpXP5W0cVtiI0PUxV,0.609,0.692,1.0,-2.958,1.0,0.0259,0.0157,0.0,0.0864,0.454,116.959,audio_features,2eAvDnpXP5W0cVtiI0PUxV,spotify:track:2eAvDnpXP5W0cVtiI0PUxV,https://api.spotify.com/v1/tracks/2eAvDnpXP5W0cVtiI0PUxV,https://api.spotify.com/v1/audio-analysis/2eAvDnpXP5W0cVtiI0PUxV,233720.0,3.0
Taylor Swift,Lover,1dGr1c8CrMLDpV6mPbImSI,0.359,0.543,7.0,-7.582,1.0,0.0919,0.492,1.58e-05,0.118,0.453,68.534,audio_features,1dGr1c8CrMLDpV6mPbImSI,spotify:track:1dGr1c8CrMLDpV6mPbImSI,https://api.spotify.com/v1/tracks/1dGr1c8CrMLDpV6mPbImSI,https://api.spotify.com/v1/audio-analysis/1dGr1c8CrMLDpV6mPbImSI,221307.0,4.0
Coolio Featuring L.V.,Gangsta's Paradise,nan,,,,,,,,,,,,,,,,,,
Eagles,Hotel California,40riOy7x9W7GXjyGp4pjAv,0.579,0.508,2.0,-9.484,1.0,0.027,0.00574,0.000494,0.0575,0.609,147.125,audio_features,40riOy7x9W7GXjyGp4pjAv,spotify:track:40riOy7x9W7GXjyGp4pjAv,https://api.spotify.com/v1/tracks/40riOy7x9W7GXjyGp4pjAv,https://api.spotify.com/v1/audio-analysis/40riOy7x9W7GXjyGp4pjAv,391376.0,4.0
Labrinth,Never Felt So Alone,2NbsBSshscKIPRG3kwBbfo,0.436,0.409,5.0,-4.438,1.0,0.0533,0.499,0.000166,0.38,0.363,98.357,audio_features,2NbsBSshscKIPRG3kwBbfo,spotify:track:2NbsBSshscKIPRG3kwBbfo,https://api.spotify.com/v1/tracks/2NbsBSshscKIPRG3kwBbfo,https://api.spotify.com/v1/audio-analysis/2NbsBSshscKIPRG3kwBbfo,160166.0,3.0
The Police,Every Breath You Take,1JSTJqkT5qHq8MDJnJbRE1,0.82,0.452,1.0,-9.796,1.0,0.0348,0.543,0.00294,0.0714,0.74,117.401,audio_features,1JSTJqkT5qHq8MDJnJbRE1,spotify:track:1JSTJqkT5qHq8MDJnJbRE1,https://api.spotify.com/v1/tracks/1JSTJqkT5qHq8MDJnJbRE1,https://api.spotify.com/v1/audio-analysis/1JSTJqkT5qHq8MDJnJbRE1,253920.0,4.0
Future Featuring Drake & Tems,Wait For U,nan,,,,,,,,,,,,,,,,,,
Karol G x Romeo Santos,X Si Volvemos,4NoOME4Dhf4xgxbHDT7VGe,0.794,0.807,1.0,-3.447,0.0,0.326,0.334,0.0,0.104,0.575,178.003,audio_features,4NoOME4Dhf4xgxbHDT7VGe,spotify:track:4NoOME4Dhf4xgxbHDT7VGe,https://api.spotify.com/v1/tracks/4NoOME4Dhf4xgxbHDT7VGe,https://api.spotify.com/v1/audio-analysis/4NoOME4Dhf4xgxbHDT7VGe,200120.0,4.0
Macklemore & Ryan Lewis Featuring Ray Dalton,Can't Hold Us,nan,,,,,,,,,,,,,,,,,,
Guns N' Roses,Sweet Child O' Mine,7snQQk1zcKl8gZ92AnueZW,0.446,0.952,6.0,-5.321,1.0,0.0523,0.0901,0.0857,0.112,0.624,125.303,audio_features,7snQQk1zcKl8gZ92AnueZW,spotify:track:7snQQk1zcKl8gZ92AnueZW,https://api.spotify.com/v1/tracks/7snQQk1zcKl8gZ92AnueZW,https://api.spotify.com/v1/audio-analysis/7snQQk1zcKl8gZ92AnueZW,356067.0,4.0
Fleetwood Mac,Dreams,0ofHAoxe9vBkTCp2UQIavz,0.828,0.492,0.0,-9.744,1.0,0.0276,0.0644,0.00428,0.128,0.789,120.151,audio_features,0ofHAoxe9vBkTCp2UQIavz,spotify:track:0ofHAoxe9vBkTCp2UQIavz,https://api.spotify.com/v1/tracks/0ofHAoxe9vBkTCp2UQIavz,https://api.spotify.com/v1/audio-analysis/0ofHAoxe9vBkTCp2UQIavz,257800.0,4.0
Bruno Mars,When I Was Your Man,0nJW01T7XtvILxQgC5J7Wh,0.612,0.28,0.0,-8.648,1.0,0.0434,0.932,0.0,0.088,0.387,72.795,audio_features,0nJW01T7XtvILxQgC5J7Wh,spotify:track:0nJW01T7XtvILxQgC5J7Wh,https://api.spotify.com/v1/tracks/0nJW01T7XtvILxQgC5J7Wh,https://api.spotify.com/v1/audio-analysis/0nJW01T7XtvILxQgC5J7Wh,213827.0,4.0
Ayra Starr,Rush,1rrqJ9QkOBYJlsZgqqwxgB,0.792,0.503,1.0,-8.044,1.0,0.0626,0.0369,0.00057,0.0959,0.381,99.97,audio_features,1rrqJ9QkOBYJlsZgqqwxgB,spotify:track:1rrqJ9QkOBYJlsZgqqwxgB,https://api.spotify.com/v1/tracks/1rrqJ9QkOBYJlsZgqqwxgB,https://api.spotify.com/v1/audio-analysis/1rrqJ9QkOBYJlsZgqqwxgB,185093.0,4.0
Journey,Don't Stop Believin',nan,,,,,,,,,,,,,,,,,,
Grupo Frontera,No Se Va,23Lyy7ZXRvzfgH4JtDkKrX,0.594,0.527,0.0,-9.335,1.0,0.0335,0.121,0.0,0.234,0.692,172.712,audio_features,23Lyy7ZXRvzfgH4JtDkKrX,spotify:track:23Lyy7ZXRvzfgH4JtDkKrX,https://api.spotify.com/v1/tracks/23Lyy7ZXRvzfgH4JtDkKrX,https://api.spotify.com/v1/audio-analysis/23Lyy7ZXRvzfgH4JtDkKrX,194019.0,4.0
Cartel de Santa Featuring La Kelly,Shorty Party,nan,,,,,,,,,,,,,,,,,,
Sabrina Carpenter,Nonsense,6dgUya35uo964z7GZXM07g,0.74,0.697,8.0,-4.912,1.0,0.034,0.0268,0.0,0.224,0.732,138.992,audio_features,6dgUya35uo964z7GZXM07g,spotify:track:6dgUya35uo964z7GZXM07g,https://api.spotify.com/v1/tracks/6dgUya35uo964z7GZXM07g,https://api.spotify.com/v1/audio-analysis/6dgUya35uo964z7GZXM07g,163648.0,4.0
Morgan Wallen,One Thing At A Time,1rXq0uoV4KTgRN64jXzIxo,0.613,0.914,7.0,-5.153,1.0,0.03,0.00522,2.21e-06,0.26,0.916,141.978,audio_features,1rXq0uoV4KTgRN64jXzIxo,spotify:track:1rXq0uoV4KTgRN64jXzIxo,https://api.spotify.com/v1/tracks/1rXq0uoV4KTgRN64jXzIxo,https://api.spotify.com/v1/audio-analysis/1rXq0uoV4KTgRN64jXzIxo,206865.0,4.0
50 Cent,In Da Club,4RY96Asd9IefaL3X4LOLZ8,0.902,0.72,6.0,-2.776,0.0,0.347,0.26,0.0,0.0749,0.805,90.059,audio_features,4RY96Asd9IefaL3X4LOLZ8,spotify:track:4RY96Asd9IefaL3X4LOLZ8,https://api.spotify.com/v1/tracks/4RY96Asd9IefaL3X4LOLZ8,https://api.spotify.com/v1/audio-analysis/4RY96Asd9IefaL3X4LOLZ8,193467.0,4.0
Feid,Normal,0T2pB7P1VdXPhLdQZ488uH,0.709,0.56,4.0,-4.867,0.0,0.171,0.034,0.0,0.315,0.541,170.082,audio_features,0T2pB7P1VdXPhLdQZ488uH,spotify:track:0T2pB7P1VdXPhLdQZ488uH,https://api.spotify.com/v1/tracks/0T2pB7P1VdXPhLdQZ488uH,https://api.spotify.com/v1/audio-analysis/0T2pB7P1VdXPhLdQZ488uH,171880.0,4.0
TINI,Cupido,2xVcCDRgG3TrH69TatsUxp,0.913,0.584,9.0,-5.263,1.0,0.223,0.521,5.36e-05,0.307,0.627,119.873,audio_features,2xVcCDRgG3TrH69TatsUxp,spotify:track:2xVcCDRgG3TrH69TatsUxp,https://api.spotify.com/v1/tracks/2xVcCDRgG3TrH69TatsUxp,https://api.spotify.com/v1/audio-analysis/2xVcCDRgG3TrH69TatsUxp,174370.0,4.0
Justin Bieber,Ghost,6I3mqTwhRpn34SLVafSH7G,0.601,0.741,2.0,-5.569,1.0,0.0478,0.185,2.91e-05,0.415,0.441,153.96,audio_features,6I3mqTwhRpn34SLVafSH7G,spotify:track:6I3mqTwhRpn34SLVafSH7G,https://api.spotify.com/v1/tracks/6I3mqTwhRpn34SLVafSH7G,https://api.spotify.com/v1/audio-analysis/6I3mqTwhRpn34SLVafSH7G,153190.0,4.0
Nirvana,Smells Like Teen Spirit,5ghIJDpPoe3CfHMGu71E6T,0.502,0.912,1.0,-4.556,1.0,0.0564,2.55e-05,0.000173,0.106,0.72,116.761,audio_features,5ghIJDpPoe3CfHMGu71E6T,spotify:track:5ghIJDpPoe3CfHMGu71E6T,https://api.spotify.com/v1/tracks/5ghIJDpPoe3CfHMGu71E6T,https://api.spotify.com/v1/audio-analysis/5ghIJDpPoe3CfHMGu71E6T,301920.0,4.0
Eden Munoz X Junior H,Abcdario,nan,,,,,,,,,,,,,,,,,,
Eminem,Lose Yourself,5Z01UMMf7V1o0MzF86s6WJ,0.692,0.744,2.0,-4.565,1.0,0.257,0.00868,0.000423,0.359,0.0612,171.374,audio_features,5Z01UMMf7V1o0MzF86s6WJ,spotify:track:5Z01UMMf7V1o0MzF86s6WJ,https://api.spotify.com/v1/tracks/5Z01UMMf7V1o0MzF86s6WJ,https://api.spotify.com/v1/audio-analysis/5Z01UMMf7V1o0MzF86s6WJ,326467.0,4.0
Coldplay,A Sky Full Of Stars,0FDzzruyVECATHXKHFs9eJ,0.545,0.675,6.0,-6.474,1.0,0.0279,0.00617,0.00197,0.209,0.162,124.97,audio_features,0FDzzruyVECATHXKHFs9eJ,spotify:track:0FDzzruyVECATHXKHFs9eJ,https://api.spotify.com/v1/tracks/0FDzzruyVECATHXKHFs9eJ,https://api.spotify.com/v1/audio-analysis/0FDzzruyVECATHXKHFs9eJ,267867.0,4.0
Billie Eilish,Happier Than Ever,4RVwu0g32PAqgUiJoXsdF8,0.332,0.225,0.0,-8.697,1.0,0.0348,0.767,0.00349,0.128,0.297,81.055,audio_features,4RVwu0g32PAqgUiJoXsdF8,spotify:track:4RVwu0g32PAqgUiJoXsdF8,https://api.spotify.com/v1/tracks/4RVwu0g32PAqgUiJoXsdF8,https://api.spotify.com/v1/audio-analysis/4RVwu0g32PAqgUiJoXsdF8,298899.0,3.0
Spitz,Utsukushii Hire,nan,,,,,,,,,,,,,,,,,,
Tones And I,Dance Monkey,2XU0oxnq2qxCpomAAuJY8K,0.824,0.588,6.0,-6.4,0.0,0.0924,0.692,0.000104,0.149,0.513,98.027,audio_features,2XU0oxnq2qxCpomAAuJY8K,spotify:track:2XU0oxnq2qxCpomAAuJY8K,https://api.spotify.com/v1/tracks/2XU0oxnq2qxCpomAAuJY8K,https://api.spotify.com/v1/audio-analysis/2XU0oxnq2qxCpomAAuJY8K,209438.0,4.0
Rosalia,Despecha,53tfEupEzQRtVFOeZvk7xq,0.914,0.622,7.0,-6.538,1.0,0.0892,0.146,1.68e-05,0.0632,0.77,130.04,audio_features,53tfEupEzQRtVFOeZvk7xq,spotify:track:53tfEupEzQRtVFOeZvk7xq,https://api.spotify.com/v1/tracks/53tfEupEzQRtVFOeZvk7xq,https://api.spotify.com/v1/audio-analysis/53tfEupEzQRtVFOeZvk7xq,156788.0,4.0
Imagine Dragons X JID,Enemy,nan,,,,,,,,,,,,,,,,,,
Morgan Wallen,Thought You Should Know,3Qu3Zh4WTKhP9GEXo0aDnb,0.53,0.678,6.0,-6.16,1.0,0.0278,0.506,6.23e-06,0.138,0.508,140.05,audio_features,3Qu3Zh4WTKhP9GEXo0aDnb,spotify:track:3Qu3Zh4WTKhP9GEXo0aDnb,https://api.spotify.com/v1/tracks/3Qu3Zh4WTKhP9GEXo0aDnb,https://api.spotify.com/v1/audio-analysis/3Qu3Zh4WTKhP9GEXo0aDnb,215572.0,4.0
Avicii,Wake Me Up!,0nrRP2bk19rLc0orkWPQk2,0.532,0.783,2.0,-5.697,1.0,0.0523,0.0038,0.0012,0.161,0.643,124.08,audio_features,0nrRP2bk19rLc0orkWPQk2,spotify:track:0nrRP2bk19rLc0orkWPQk2,https://api.spotify.com/v1/tracks/0nrRP2bk19rLc0orkWPQk2,https://api.spotify.com/v1/audio-analysis/0nrRP2bk19rLc0orkWPQk2,247427.0,4.0
IVE,Kitsch,4hbU7BVioG3WnoRNEy5YUf,0.8,0.792,11.0,-4.953,1.0,0.0529,0.0119,1.11e-06,0.0495,0.455,102.0,audio_features,4hbU7BVioG3WnoRNEy5YUf,spotify:track:4hbU7BVioG3WnoRNEy5YUf,https://api.spotify.com/v1/tracks/4hbU7BVioG3WnoRNEy5YUf,https://api.spotify.com/v1/audio-analysis/4hbU7BVioG3WnoRNEy5YUf,195440.0,4.0
Keane,Somewhere Only We Know,0ll8uFnc0nANY35E0Lfxvg,0.453,0.655,9.0,-4.22,1.0,0.0259,0.0794,7.61e-06,0.0849,0.368,172.012,audio_features,0ll8uFnc0nANY35E0Lfxvg,spotify:track:0ll8uFnc0nANY35E0Lfxvg,https://api.spotify.com/v1/tracks/0ll8uFnc0nANY35E0Lfxvg,https://api.spotify.com/v1/audio-analysis/0ll8uFnc0nANY35E0Lfxvg,236160.0,4.0
Bad Bunny,Moscow Mule,6Xom58OOXk2SoU711L2IXO,0.804,0.674,5.0,-5.453,0.0,0.0333,0.294,1.18e-06,0.115,0.292,99.968,audio_features,6Xom58OOXk2SoU711L2IXO,spotify:track:6Xom58OOXk2SoU711L2IXO,https://api.spotify.com/v1/tracks/6Xom58OOXk2SoU711L2IXO,https://api.spotify.com/v1/audio-analysis/6Xom58OOXk2SoU711L2IXO,245940.0,4.0
